feature,mean_abs_shap,coefficient,importance
login_freq_30d,0.39681888,-0.4180487765498101,0.023423811
seat_utilization,0.39362338,-0.3454839045611162,0.022462972
feature_adoption_pct,0.38020328,-0.284251207484238,0.021128334
support_tickets_30d,0.32141712,0.3503185137990897,0.029176917
escalated_tickets_30d,0.3081115,0.3024084110386693,0.052959897
api_calls_daily,0.20569037,0.0600468926901547,0.01954144
monthly_revenue,0.20434019,0.088221001552576,0.01811642
days_to_renewal,0.20125265,-0.1245503974380431,0.017793827
nps_score,0.1952825,-0.1184341328068333,0.018134395
plan_Starter,0.19064842,0.0982997707359863,0.5924935
days_since_onboarding,0.18354742,-0.0410180139699009,0.016349807
seats_purchased,0.18288709,-0.0572456096640415,0.019281972
csat_score,0.1420643,0.0300944825608852,0.017647926
industry_SaaS,0.04757162,-0.1716956572003436,0.014446233
industry_Healthcare,0.022465598,-0.1153660142445866,0.015414175
industry_FinTech,0.021744516,0.0532983100200683,0.022461085
industry_E-commerce,0.021082798,-0.0595108318256074,0.016079225
industry_Other,0.015547905,-0.0356935727063102,0.015868153
plan_Enterprise,0.008689764,-0.3631272544547732,0.031333115
plan_Growth,0.007515938,-0.0641402822379885,0.015886972
