feature,coefficient,abs_coef
monthly_revenue,-1.1834169364497447,1.1834169364497447
login_freq_30d,-0.808715055331981,0.808715055331981
api_calls_daily,-0.6868177013796005,0.6868177013796005
support_tickets_30d,0.4845299401753408,0.4845299401753408
industry_FinTech,0.43843488280311177,0.43843488280311177
days_to_renewal,-0.43102769131070356,0.43102769131070356
seat_utilization,-0.4290340395330079,0.4290340395330079
plan_Enterprise,-0.42774637312986635,0.42774637312986635
industry_E-commerce,-0.3505311559785642,0.3505311559785642
plan_Growth,0.2718250401599321,0.2718250401599321
csat_score,-0.22467663495175852,0.22467663495175852
industry_Other,-0.14489691703300794,0.14489691703300794
seats_purchased,0.13773043504356305,0.13773043504356305
industry_SaaS,0.12716532331409314,0.12716532331409314
plan_Starter,0.1203605075821618,0.1203605075821618
days_since_onboarding,0.11511185248444417,0.11511185248444417
industry_Healthcare,-0.10573295849338084,0.10573295849338084
escalated_tickets_30d,-0.06825483182250158,0.06825483182250158
feature_adoption_pct,-0.06345370815585553,0.06345370815585553
nps_score,-0.05102309354601477,0.05102309354601477
