feature,coefficient,abs
login_freq_30d,-0.4529844524908865,0.4529844524908865
seat_utilization,-0.4449306344852865,0.4449306344852865
feature_adoption_pct,-0.3920290422310025,0.3920290422310025
escalated_tickets_30d,0.3591351891268991,0.3591351891268991
support_tickets_30d,0.35573258348848913,0.35573258348848913
plan_Enterprise,-0.2805070670157262,0.2805070670157262
plan_Unknown,0.22578312559808678,0.22578312559808678
seat_utilization_vs_plan_median,-0.21634918885215035,0.21634918885215035
value_realisation,0.1818926766037592,0.1818926766037592
login_freq_30d_vs_plan_median,-0.17751413761586218,0.17751413761586218
seat_utilization_ratio_to_plan,0.16702932179184604,0.16702932179184604
api_calls_daily,-0.1494630360646246,0.1494630360646246
near_renewal,0.13189632712065538,0.13189632712065538
industry_Other,-0.12472562095746238,0.12472562095746238
feature_adoption_pct_vs_plan_median,-0.11657371727501384,0.11657371727501384
plan_Growth,-0.10580518920814641,0.10580518920814641
login_freq_30d_ratio_to_plan,0.09037945880143951,0.09037945880143951
util_x_adoption,0.08789083688386538,0.08789083688386538
low_login_x_low_adoption,-0.08329043438093363,0.08329043438093363
api_calls_daily_vs_plan_median,0.07990992137025664,0.07990992137025664
nps_score,-0.07708824576178298,0.07708824576178298
seat_utilization_plan_pctile,0.06579253653250285,0.06579253653250285
enterprise_x_declining_proxy,-0.05535883620900118,0.05535883620900118
simple_health,0.05208268973598766,0.05208268973598766
login_freq_30d_plan_pctile,0.05050384416869936,0.05050384416869936
is_missing_login_freq_30d,0.049535621398576896,0.049535621398576896
escalation_rate,0.04683850774448631,0.04683850774448631
adoption_per_tenure,0.04594015541662807,0.04594015541662807
days_since_onboarding,0.04503731448739224,0.04503731448739224
engagement_score,0.044082927623669055,0.044082927623669055
days_to_renewal,0.04059711900720527,0.04059711900720527
tickets_x_renewal_urgency,0.04034822589701754,0.04034822589701754
csat_score,-0.03876476349789051,0.03876476349789051
renewal_urgency,0.035525705686689335,0.035525705686689335
low_adoption_x_near_renewal,-0.034036873502280816,0.034036873502280816
is_missing_csat_score,0.03394152101817396,0.03394152101817396
industry_Healthcare,-0.03349167954988777,0.03349167954988777
feature_adoption_pct_plan_pctile,-0.030918360104118046,0.030918360104118046
is_missing_seat_utilization,0.030770752511706627,0.030770752511706627
api_calls_per_seat,-0.030721550620129472,0.030721550620129472
revenue_per_seat,-0.03011294423100667,0.03011294423100667
monthly_revenue,0.02980761920112371,0.02980761920112371
industry_E-commerce,0.025217110133307737,0.025217110133307737
is_missing_nps_score,0.022503912752361455,0.022503912752361455
industry_SaaS,-0.02033057102082984,0.02033057102082984
is_missing_api_calls_daily,-0.019626020114758884,0.019626020114758884
is_missing_feature_adoption_pct,0.016603342590741324,0.016603342590741324
feature_adoption_pct_ratio_to_plan,0.01606856206188744,0.01606856206188744
login_per_tenure_month,-0.014933353804055846,0.014933353804055846
tickets_per_seat,-0.013544156799085268,0.013544156799085268
plan_Starter,0.0104294569769074,0.0104294569769074
is_early_life,-0.008980111277488916,0.008980111277488916
api_calls_daily_ratio_to_plan,0.008055286882149758,0.008055286882149758
tickets_per_login,0.005514677946317561,0.005514677946317561
support_risk_score,0.004599451166021909,0.004599451166021909
industry_FinTech,0.0032310877459911388,0.0032310877459911388
high_tickets_x_low_util,0.0031535960750054518,0.0031535960750054518
seats_purchased,-0.0021648643966697954,0.0021648643966697954
