feature,importance
simple_health,0.08692579
escalated_tickets_30d,0.029886827
tickets_per_login,0.026884673
plan_Starter,0.025940353
support_risk_score,0.025530603
engagement_score,0.025270998
near_renewal,0.024136642
plan_Enterprise,0.020925714
tickets_per_seat,0.019626703
high_tickets_x_low_util,0.01885391
tickets_x_renewal_urgency,0.018456876
renewal_urgency,0.018324682
low_login_x_low_adoption,0.01830497
util_x_adoption,0.017027725
seat_utilization_plan_pctile,0.016744038
feature_adoption_pct,0.016711753
feature_adoption_pct_plan_pctile,0.016635409
seat_utilization,0.016383423
login_freq_30d,0.016159127
is_missing_seat_utilization,0.016151564
feature_adoption_pct_ratio_to_plan,0.01613744
nps_score,0.016046837
login_per_tenure_month,0.01602149
days_to_renewal,0.01589341
api_calls_daily_ratio_to_plan,0.01579379
login_freq_30d_ratio_to_plan,0.015793648
low_adoption_x_near_renewal,0.015792966
is_missing_login_freq_30d,0.015736287
value_realisation,0.015652394
revenue_per_seat,0.015409964
api_calls_daily_vs_plan_median,0.015348386
seat_utilization_ratio_to_plan,0.015201914
feature_adoption_pct_vs_plan_median,0.01517991
is_missing_nps_score,0.015164869
login_freq_30d_plan_pctile,0.015151217
csat_score,0.0149659095
api_calls_per_seat,0.014942311
login_freq_30d_vs_plan_median,0.014914674
seats_purchased,0.01491092
adoption_per_tenure,0.014851175
api_calls_daily,0.014815609
monthly_revenue,0.014669771
plan_Growth,0.014554404
industry_Healthcare,0.014483584
is_missing_feature_adoption_pct,0.014482242
escalation_rate,0.01433876
is_early_life,0.014120439
seat_utilization_vs_plan_median,0.014045282
days_since_onboarding,0.014040858
industry_FinTech,0.013840636
industry_Other,0.013809522
is_missing_api_calls_daily,0.013033981
is_missing_csat_score,0.012930813
industry_SaaS,0.012241872
support_tickets_30d,0.011371954
industry_E-commerce,0.009428984
enterprise_x_declining_proxy,0.0
plan_Unknown,0.0
