feature,mean_abs_shap
login_freq_30d,0.39681888
seat_utilization,0.39362338
feature_adoption_pct,0.38020328
support_tickets_30d,0.32141712
escalated_tickets_30d,0.3081115
api_calls_daily,0.20569037
monthly_revenue,0.20434019
days_to_renewal,0.20125265
nps_score,0.1952825
plan_Starter,0.19064842
days_since_onboarding,0.18354742
seats_purchased,0.18288709
csat_score,0.1420643
industry_SaaS,0.04757162
industry_Healthcare,0.022465598
industry_FinTech,0.021744516
industry_E-commerce,0.021082798
industry_Other,0.015547905
plan_Enterprise,0.008689764
plan_Growth,0.007515938
